,time_period,rainfall,mean_temperature,disease_cases,population,location,Cases,E,month,ID_year,ID_spat,rainsum,meantemperature
0,2012-01,61.051,19.25,1698.0,1073.0,yWSou5tPiPs,1698.0,1073.0,1,2012,yWSou5tPiPs,61.051,19.25
1,2012-02,103.32,18.98,1521.0,1225.0,yWSou5tPiPs,1521.0,1225.0,2,2012,yWSou5tPiPs,103.32,18.98
2,2012-03,100.12,19.09,1405.0,1708.0,yWSou5tPiPs,1405.0,1708.0,3,2012,yWSou5tPiPs,100.12,19.09
3,2012-04,219.967,18.16,1353.0,1790.0,yWSou5tPiPs,1353.0,1790.0,4,2012,yWSou5tPiPs,219.967,18.16
4,2012-05,134.478,17.69,1685.0,1199.0,yWSou5tPiPs,1685.0,1199.0,5,2012,yWSou5tPiPs,134.478,17.69
5,2012-06,53.114,18.03,1705.0,1444.0,yWSou5tPiPs,1705.0,1444.0,6,2012,yWSou5tPiPs,53.114,18.03
6,2012-07,7.779,19.05,1890.0,1636.0,yWSou5tPiPs,1890.0,1636.0,7,2012,yWSou5tPiPs,7.779,19.05
7,2012-08,70.044,19.02,1914.0,1627.0,yWSou5tPiPs,1914.0,1627.0,8,2012,yWSou5tPiPs,70.044,19.02
8,2012-09,98.939,18.49,1616.0,1105.0,yWSou5tPiPs,1616.0,1105.0,9,2012,yWSou5tPiPs,98.939,18.49
9,2012-10,162.949,18.34,1479.0,1549.0,yWSou5tPiPs,1479.0,1549.0,10,2012,yWSou5tPiPs,162.949,18.34
10,2012-11,169.385,17.96,1214.0,1889.0,yWSou5tPiPs,1214.0,1889.0,11,2012,yWSou5tPiPs,169.385,17.96
11,2012-12,114.877,18.03,1014.0,1052.0,yWSou5tPiPs,1014.0,1052.0,12,2012,yWSou5tPiPs,114.877,18.03
12,2013-01,113.374,19.42,1026.0,1461.0,yWSou5tPiPs,1026.0,1461.0,1,2013,yWSou5tPiPs,113.374,19.42
13,2013-02,87.001,19.36,1064.0,1025.0,yWSou5tPiPs,1064.0,1025.0,2,2013,yWSou5tPiPs,87.001,19.36
14,2013-03,194.816,18.66,1440.0,1244.0,yWSou5tPiPs,1440.0,1244.0,3,2013,yWSou5tPiPs,194.816,18.66
15,2013-04,204.119,18.37,1509.0,1815.0,yWSou5tPiPs,1509.0,1815.0,4,2013,yWSou5tPiPs,204.119,18.37
16,2013-05,90.559,18.21,1040.0,1379.0,yWSou5tPiPs,1040.0,1379.0,5,2013,yWSou5tPiPs,90.559,18.21
17,2013-06,2.157,19.08,1081.0,1721.0,yWSou5tPiPs,1081.0,1721.0,6,2013,yWSou5tPiPs,2.157,19.08
18,2013-07,1.637,19.69,1274.0,1078.0,yWSou5tPiPs,1274.0,1078.0,7,2013,yWSou5tPiPs,1.637,19.69
19,2013-08,21.704,19.91,1423.0,1065.0,yWSou5tPiPs,1423.0,1065.0,8,2013,yWSou5tPiPs,21.704,19.91
20,2013-09,97.434,18.99,1014.0,1268.0,yWSou5tPiPs,1014.0,1268.0,9,2013,yWSou5tPiPs,97.434,18.99
21,2013-10,93.038,18.76,1001.0,1784.0,yWSou5tPiPs,1001.0,1784.0,10,2013,yWSou5tPiPs,93.038,18.76
22,2013-11,134.446,17.93,1484.0,1761.0,yWSou5tPiPs,1484.0,1761.0,11,2013,yWSou5tPiPs,134.446,17.93
23,2013-12,200.318,18.34,1962.0,1038.0,yWSou5tPiPs,1962.0,1038.0,12,2013,yWSou5tPiPs,200.318,18.34
24,2014-01,83.498,19.0,1001.0,1134.0,yWSou5tPiPs,1001.0,1134.0,1,2014,yWSou5tPiPs,83.498,19.0
25,2014-02,131.858,19.26,1862.0,1725.0,yWSou5tPiPs,1862.0,1725.0,2,2014,yWSou5tPiPs,131.858,19.26
26,2014-03,123.304,18.79,1258.0,1530.0,yWSou5tPiPs,1258.0,1530.0,3,2014,yWSou5tPiPs,123.304,18.79
27,2014-04,99.943,18.27,1593.0,1842.0,yWSou5tPiPs,1593.0,1842.0,4,2014,yWSou5tPiPs,99.943,18.27
28,2014-05,38.28,18.8,1663.0,1777.0,yWSou5tPiPs,1663.0,1777.0,5,2014,yWSou5tPiPs,38.28,18.8
29,2014-06,25.406,19.01,1866.0,1463.0,yWSou5tPiPs,1866.0,1463.0,6,2014,yWSou5tPiPs,25.406,19.01
30,2014-07,15.103,19.74,1936.0,1762.0,yWSou5tPiPs,1936.0,1762.0,7,2014,yWSou5tPiPs,15.103,19.74
31,2014-08,61.84,19.32,1475.0,1223.0,yWSou5tPiPs,1475.0,1223.0,8,2014,yWSou5tPiPs,61.84,19.32
32,2014-09,95.269,18.68,1342.0,1033.0,yWSou5tPiPs,1342.0,1033.0,9,2014,yWSou5tPiPs,95.269,18.68
33,2014-10,176.211,18.71,1540.0,1778.0,yWSou5tPiPs,1540.0,1778.0,10,2014,yWSou5tPiPs,176.211,18.71
34,2014-11,135.848,18.28,1448.0,1112.0,yWSou5tPiPs,1448.0,1112.0,11,2014,yWSou5tPiPs,135.848,18.28
35,2014-12,127.591,18.84,1370.0,1768.0,yWSou5tPiPs,1370.0,1768.0,12,2014,yWSou5tPiPs,127.591,18.84
36,2015-01,80.182,19.28,1163.0,1010.0,yWSou5tPiPs,1163.0,1010.0,1,2015,yWSou5tPiPs,80.182,19.28
37,2015-02,85.548,19.33,1377.0,1930.0,yWSou5tPiPs,1377.0,1930.0,2,2015,yWSou5tPiPs,85.548,19.33
38,2015-03,163.597,19.09,1136.0,1532.0,yWSou5tPiPs,1136.0,1532.0,3,2015,yWSou5tPiPs,163.597,19.09
39,2015-04,186.165,18.2,1866.0,1921.0,yWSou5tPiPs,1866.0,1921.0,4,2015,yWSou5tPiPs,186.165,18.2
40,2015-05,71.375,18.64,1550.0,1012.0,yWSou5tPiPs,1550.0,1012.0,5,2015,yWSou5tPiPs,71.375,18.64
41,2015-06,27.133,18.96,1455.0,1994.0,yWSou5tPiPs,1455.0,1994.0,6,2015,yWSou5tPiPs,27.133,18.96
42,2015-07,3.835,19.78,1847.0,1023.0,yWSou5tPiPs,1847.0,1023.0,7,2015,yWSou5tPiPs,3.835,19.78
43,2015-08,3.412,20.54,1773.0,1807.0,yWSou5tPiPs,1773.0,1807.0,8,2015,yWSou5tPiPs,3.412,20.54
44,2015-09,52.846,20.07,1448.0,1018.0,yWSou5tPiPs,1448.0,1018.0,9,2015,yWSou5tPiPs,52.846,20.07
45,2015-10,201.539,18.85,1265.0,1840.0,yWSou5tPiPs,1265.0,1840.0,10,2015,yWSou5tPiPs,201.539,18.85
46,2015-11,169.684,18.2,1378.0,1102.0,yWSou5tPiPs,1378.0,1102.0,11,2015,yWSou5tPiPs,169.684,18.2
47,2015-12,141.874,18.68,1425.0,1961.0,yWSou5tPiPs,1425.0,1961.0,12,2015,yWSou5tPiPs,141.874,18.68
48,2016-01,166.458,19.36,1949.0,1931.0,yWSou5tPiPs,1949.0,1931.0,1,2016,yWSou5tPiPs,166.458,19.36
49,2016-02,103.576,20.23,1631.0,1497.0,yWSou5tPiPs,1631.0,1497.0,2,2016,yWSou5tPiPs,103.576,20.23
50,2016-03,80.441,20.21,1733.0,1795.0,yWSou5tPiPs,1733.0,1795.0,3,2016,yWSou5tPiPs,80.441,20.21
51,2016-04,269.722,18.73,1629.0,1925.0,yWSou5tPiPs,1629.0,1925.0,4,2016,yWSou5tPiPs,269.722,18.73
52,2016-05,45.563,19.37,1596.0,1372.0,yWSou5tPiPs,1596.0,1372.0,5,2016,yWSou5tPiPs,45.563,19.37
53,2016-06,5.024,19.17,1049.0,1055.0,yWSou5tPiPs,1049.0,1055.0,6,2016,yWSou5tPiPs,5.024,19.17
54,2016-07,2.309,19.9,1740.0,1864.0,yWSou5tPiPs,1740.0,1864.0,7,2016,yWSou5tPiPs,2.309,19.9
55,2016-08,10.978,20.49,1803.0,1750.0,yWSou5tPiPs,1803.0,1750.0,8,2016,yWSou5tPiPs,10.978,20.49
56,2016-09,76.082,20.43,1211.0,1551.0,yWSou5tPiPs,1211.0,1551.0,9,2016,yWSou5tPiPs,76.082,20.43
57,2016-10,135.553,19.39,1044.0,1557.0,yWSou5tPiPs,1044.0,1557.0,10,2016,yWSou5tPiPs,135.553,19.39
58,2016-11,129.649,18.24,1754.0,1099.0,yWSou5tPiPs,1754.0,1099.0,11,2016,yWSou5tPiPs,129.649,18.24
59,2016-12,73.513,18.5,1308.0,1843.0,yWSou5tPiPs,1308.0,1843.0,12,2016,yWSou5tPiPs,73.513,18.5
60,2017-01,66.935,19.54,1896.0,1020.0,yWSou5tPiPs,1896.0,1020.0,1,2017,yWSou5tPiPs,66.935,19.54
61,2017-02,138.232,18.83,1516.0,1133.0,yWSou5tPiPs,1516.0,1133.0,2,2017,yWSou5tPiPs,138.232,18.83
62,2017-03,129.259,18.84,1896.0,1702.0,yWSou5tPiPs,1896.0,1702.0,3,2017,yWSou5tPiPs,129.259,18.84
63,2017-04,105.726,18.42,1891.0,1009.0,yWSou5tPiPs,1891.0,1009.0,4,2017,yWSou5tPiPs,105.726,18.42
64,2017-05,87.794,18.32,1168.0,1940.0,yWSou5tPiPs,1168.0,1940.0,5,2017,yWSou5tPiPs,87.794,18.32
65,2017-06,3.759,19.31,1600.0,1717.0,yWSou5tPiPs,1600.0,1717.0,6,2017,yWSou5tPiPs,3.759,19.31
66,2017-07,4.804,19.8,1421.0,1144.0,yWSou5tPiPs,1421.0,1144.0,7,2017,yWSou5tPiPs,4.804,19.8
67,2017-08,33.57,19.87,1508.0,1684.0,yWSou5tPiPs,1508.0,1684.0,8,2017,yWSou5tPiPs,33.57,19.87
68,2017-09,82.224,19.33,1334.0,1118.0,yWSou5tPiPs,1334.0,1118.0,9,2017,yWSou5tPiPs,82.224,19.33
69,2017-10,115.412,19.1,1785.0,1648.0,yWSou5tPiPs,1785.0,1648.0,10,2017,yWSou5tPiPs,115.412,19.1
70,2017-11,128.14,18.22,1027.0,1252.0,yWSou5tPiPs,1027.0,1252.0,11,2017,yWSou5tPiPs,128.14,18.22
71,2017-12,129.137,18.79,1022.0,1979.0,yWSou5tPiPs,1022.0,1979.0,12,2017,yWSou5tPiPs,129.137,18.79
72,2018-01,200.08,18.29,1858.0,1060.0,yWSou5tPiPs,1858.0,1060.0,1,2018,yWSou5tPiPs,200.08,18.29
73,2018-02,91.017,19.26,1563.0,1098.0,yWSou5tPiPs,1563.0,1098.0,2,2018,yWSou5tPiPs,91.017,19.26
74,2018-03,217.151,18.61,1015.0,1008.0,yWSou5tPiPs,1015.0,1008.0,3,2018,yWSou5tPiPs,217.151,18.61
75,2018-04,360.173,17.93,1610.0,1813.0,yWSou5tPiPs,1610.0,1813.0,4,2018,yWSou5tPiPs,360.173,17.93
76,2018-05,79.757,18.2,1286.0,1568.0,yWSou5tPiPs,1286.0,1568.0,5,2018,yWSou5tPiPs,79.757,18.2
77,2018-06,11.684,18.74,1473.0,1092.0,yWSou5tPiPs,1473.0,1092.0,6,2018,yWSou5tPiPs,11.684,18.74
78,2018-07,7.265,18.54,1776.0,1621.0,yWSou5tPiPs,1776.0,1621.0,7,2018,yWSou5tPiPs,7.265,18.54
79,2018-08,78.467,18.96,1893.0,1148.0,yWSou5tPiPs,1893.0,1148.0,8,2018,yWSou5tPiPs,78.467,18.96
0,2012-01,16.809,20.74,1262.0,1573.0,MnK7wTQx9wc,1262.0,1573.0,1,2012,MnK7wTQx9wc,16.809,20.74
1,2012-02,99.347,20.33,1327.0,1353.0,MnK7wTQx9wc,1327.0,1353.0,2,2012,MnK7wTQx9wc,99.347,20.33
2,2012-03,115.499,20.24,1302.0,1107.0,MnK7wTQx9wc,1302.0,1107.0,3,2012,MnK7wTQx9wc,115.499,20.24
3,2012-04,247.999,19.15,1277.0,1095.0,MnK7wTQx9wc,1277.0,1095.0,4,2012,MnK7wTQx9wc,247.999,19.15
4,2012-05,185.785,18.7,1419.0,1549.0,MnK7wTQx9wc,1419.0,1549.0,5,2012,MnK7wTQx9wc,185.785,18.7
5,2012-06,41.123,19.14,1472.0,1159.0,MnK7wTQx9wc,1472.0,1159.0,6,2012,MnK7wTQx9wc,41.123,19.14
6,2012-07,1.045,20.31,1250.0,1354.0,MnK7wTQx9wc,1250.0,1354.0,7,2012,MnK7wTQx9wc,1.045,20.31
7,2012-08,78.657,20.34,1725.0,1117.0,MnK7wTQx9wc,1725.0,1117.0,8,2012,MnK7wTQx9wc,78.657,20.34
8,2012-09,100.638,19.53,1913.0,1320.0,MnK7wTQx9wc,1913.0,1320.0,9,2012,MnK7wTQx9wc,100.638,19.53
9,2012-10,197.657,19.5,1781.0,1729.0,MnK7wTQx9wc,1781.0,1729.0,10,2012,MnK7wTQx9wc,197.657,19.5
10,2012-11,142.326,19.09,1581.0,1030.0,MnK7wTQx9wc,1581.0,1030.0,11,2012,MnK7wTQx9wc,142.326,19.09
11,2012-12,108.386,19.09,1581.0,1278.0,MnK7wTQx9wc,1581.0,1278.0,12,2012,MnK7wTQx9wc,108.386,19.09
12,2013-01,91.372,20.53,1263.0,1391.0,MnK7wTQx9wc,1263.0,1391.0,1,2013,MnK7wTQx9wc,91.372,20.53
13,2013-02,74.835,20.72,1663.0,1635.0,MnK7wTQx9wc,1663.0,1635.0,2,2013,MnK7wTQx9wc,74.835,20.72
14,2013-03,172.783,19.8,1573.0,1413.0,MnK7wTQx9wc,1573.0,1413.0,3,2013,MnK7wTQx9wc,172.783,19.8
15,2013-04,195.411,19.48,1780.0,1860.0,MnK7wTQx9wc,1780.0,1860.0,4,2013,MnK7wTQx9wc,195.411,19.48
16,2013-05,118.787,19.35,1223.0,1582.0,MnK7wTQx9wc,1223.0,1582.0,5,2013,MnK7wTQx9wc,118.787,19.35
17,2013-06,0.511,20.4,1201.0,1109.0,MnK7wTQx9wc,1201.0,1109.0,6,2013,MnK7wTQx9wc,0.511,20.4
18,2013-07,0.563,21.32,1587.0,1832.0,MnK7wTQx9wc,1587.0,1832.0,7,2013,MnK7wTQx9wc,0.563,21.32
19,2013-08,33.595,20.99,1262.0,1466.0,MnK7wTQx9wc,1262.0,1466.0,8,2013,MnK7wTQx9wc,33.595,20.99
20,2013-09,109.97,20.07,1570.0,1166.0,MnK7wTQx9wc,1570.0,1166.0,9,2013,MnK7wTQx9wc,109.97,20.07
21,2013-10,98.315,19.97,1768.0,1411.0,MnK7wTQx9wc,1768.0,1411.0,10,2013,MnK7wTQx9wc,98.315,19.97
22,2013-11,192.692,18.87,1913.0,1891.0,MnK7wTQx9wc,1913.0,1891.0,11,2013,MnK7wTQx9wc,192.692,18.87
23,2013-12,151.942,19.38,1061.0,1043.0,MnK7wTQx9wc,1061.0,1043.0,12,2013,MnK7wTQx9wc,151.942,19.38
24,2014-01,62.438,20.17,1288.0,1228.0,MnK7wTQx9wc,1288.0,1228.0,1,2014,MnK7wTQx9wc,62.438,20.17
25,2014-02,107.664,20.72,1003.0,1293.0,MnK7wTQx9wc,1003.0,1293.0,2,2014,MnK7wTQx9wc,107.664,20.72
26,2014-03,128.58,19.96,1788.0,1672.0,MnK7wTQx9wc,1788.0,1672.0,3,2014,MnK7wTQx9wc,128.58,19.96
27,2014-04,110.241,19.27,1541.0,1381.0,MnK7wTQx9wc,1541.0,1381.0,4,2014,MnK7wTQx9wc,110.241,19.27
28,2014-05,48.135,19.74,1276.0,1362.0,MnK7wTQx9wc,1276.0,1362.0,5,2014,MnK7wTQx9wc,48.135,19.74
29,2014-06,16.759,19.76,1293.0,1306.0,MnK7wTQx9wc,1293.0,1306.0,6,2014,MnK7wTQx9wc,16.759,19.76
30,2014-07,16.417,20.85,1603.0,1972.0,MnK7wTQx9wc,1603.0,1972.0,7,2014,MnK7wTQx9wc,16.417,20.85
31,2014-08,76.398,20.14,1766.0,1554.0,MnK7wTQx9wc,1766.0,1554.0,8,2014,MnK7wTQx9wc,76.398,20.14
32,2014-09,81.253,19.61,1740.0,1579.0,MnK7wTQx9wc,1740.0,1579.0,9,2014,MnK7wTQx9wc,81.253,19.61
33,2014-10,224.369,19.71,1633.0,1755.0,MnK7wTQx9wc,1633.0,1755.0,10,2014,MnK7wTQx9wc,224.369,19.71
34,2014-11,131.59,19.4,1124.0,1515.0,MnK7wTQx9wc,1124.0,1515.0,11,2014,MnK7wTQx9wc,131.59,19.4
35,2014-12,79.936,19.95,1972.0,1421.0,MnK7wTQx9wc,1972.0,1421.0,12,2014,MnK7wTQx9wc,79.936,19.95
36,2015-01,44.858,20.99,1908.0,1395.0,MnK7wTQx9wc,1908.0,1395.0,1,2015,MnK7wTQx9wc,44.858,20.99
37,2015-02,72.923,20.85,1536.0,1206.0,MnK7wTQx9wc,1536.0,1206.0,2,2015,MnK7wTQx9wc,72.923,20.85
38,2015-03,108.297,20.43,1734.0,1297.0,MnK7wTQx9wc,1734.0,1297.0,3,2015,MnK7wTQx9wc,108.297,20.43
39,2015-04,149.282,19.32,1447.0,1708.0,MnK7wTQx9wc,1447.0,1708.0,4,2015,MnK7wTQx9wc,149.282,19.32
40,2015-05,85.924,19.78,1159.0,1611.0,MnK7wTQx9wc,1159.0,1611.0,5,2015,MnK7wTQx9wc,85.924,19.78
41,2015-06,35.529,20.2,1297.0,1591.0,MnK7wTQx9wc,1297.0,1591.0,6,2015,MnK7wTQx9wc,35.529,20.2
42,2015-07,3.113,21.03,1919.0,1395.0,MnK7wTQx9wc,1919.0,1395.0,7,2015,MnK7wTQx9wc,3.113,21.03
43,2015-08,11.449,21.75,1598.0,1052.0,MnK7wTQx9wc,1598.0,1052.0,8,2015,MnK7wTQx9wc,11.449,21.75
44,2015-09,61.595,20.93,1671.0,1372.0,MnK7wTQx9wc,1671.0,1372.0,9,2015,MnK7wTQx9wc,61.595,20.93
45,2015-10,203.864,20.07,1002.0,1646.0,MnK7wTQx9wc,1002.0,1646.0,10,2015,MnK7wTQx9wc,203.864,20.07
46,2015-11,193.072,19.24,1041.0,1568.0,MnK7wTQx9wc,1041.0,1568.0,11,2015,MnK7wTQx9wc,193.072,19.24
47,2015-12,116.959,19.81,1281.0,1420.0,MnK7wTQx9wc,1281.0,1420.0,12,2015,MnK7wTQx9wc,116.959,19.81
48,2016-01,103.069,20.65,1793.0,1392.0,MnK7wTQx9wc,1793.0,1392.0,1,2016,MnK7wTQx9wc,103.069,20.65
49,2016-02,64.422,21.86,1350.0,1063.0,MnK7wTQx9wc,1350.0,1063.0,2,2016,MnK7wTQx9wc,64.422,21.86
50,2016-03,69.932,21.44,1667.0,1981.0,MnK7wTQx9wc,1667.0,1981.0,3,2016,MnK7wTQx9wc,69.932,21.44
51,2016-04,214.182,19.87,1712.0,1077.0,MnK7wTQx9wc,1712.0,1077.0,4,2016,MnK7wTQx9wc,214.182,19.87
52,2016-05,40.449,20.54,1430.0,1651.0,MnK7wTQx9wc,1430.0,1651.0,5,2016,MnK7wTQx9wc,40.449,20.54
53,2016-06,2.3,20.53,1479.0,1325.0,MnK7wTQx9wc,1479.0,1325.0,6,2016,MnK7wTQx9wc,2.3,20.53
54,2016-07,0.967,21.41,1026.0,1572.0,MnK7wTQx9wc,1026.0,1572.0,7,2016,MnK7wTQx9wc,0.967,21.41
55,2016-08,5.682,21.96,1246.0,1424.0,MnK7wTQx9wc,1246.0,1424.0,8,2016,MnK7wTQx9wc,5.682,21.96
56,2016-09,78.834,21.51,1576.0,1680.0,MnK7wTQx9wc,1576.0,1680.0,9,2016,MnK7wTQx9wc,78.834,21.51
57,2016-10,121.583,20.52,1903.0,1547.0,MnK7wTQx9wc,1903.0,1547.0,10,2016,MnK7wTQx9wc,121.583,20.52
58,2016-11,169.26,19.41,1694.0,1073.0,MnK7wTQx9wc,1694.0,1073.0,11,2016,MnK7wTQx9wc,169.26,19.41
59,2016-12,85.839,19.63,1400.0,1783.0,MnK7wTQx9wc,1400.0,1783.0,12,2016,MnK7wTQx9wc,85.839,19.63
60,2017-01,72.743,20.82,1914.0,1258.0,MnK7wTQx9wc,1914.0,1258.0,1,2017,MnK7wTQx9wc,72.743,20.82
61,2017-02,111.94,20.08,1640.0,1185.0,MnK7wTQx9wc,1640.0,1185.0,2,2017,MnK7wTQx9wc,111.94,20.08
62,2017-03,146.74,19.95,1510.0,1551.0,MnK7wTQx9wc,1510.0,1551.0,3,2017,MnK7wTQx9wc,146.74,19.95
63,2017-04,121.821,19.64,1711.0,1724.0,MnK7wTQx9wc,1711.0,1724.0,4,2017,MnK7wTQx9wc,121.821,19.64
64,2017-05,112.665,19.47,1994.0,1086.0,MnK7wTQx9wc,1994.0,1086.0,5,2017,MnK7wTQx9wc,112.665,19.47
65,2017-06,2.906,20.73,1038.0,1228.0,MnK7wTQx9wc,1038.0,1228.0,6,2017,MnK7wTQx9wc,2.906,20.73
66,2017-07,1.099,21.6,1386.0,1921.0,MnK7wTQx9wc,1386.0,1921.0,7,2017,MnK7wTQx9wc,1.099,21.6
67,2017-08,33.859,21.28,1238.0,1099.0,MnK7wTQx9wc,1238.0,1099.0,8,2017,MnK7wTQx9wc,33.859,21.28
68,2017-09,103.64,20.38,1725.0,1259.0,MnK7wTQx9wc,1725.0,1259.0,9,2017,MnK7wTQx9wc,103.64,20.38
69,2017-10,139.092,20.29,1610.0,1206.0,MnK7wTQx9wc,1610.0,1206.0,10,2017,MnK7wTQx9wc,139.092,20.29
70,2017-11,149.597,19.29,1001.0,1636.0,MnK7wTQx9wc,1001.0,1636.0,11,2017,MnK7wTQx9wc,149.597,19.29
71,2017-12,112.777,20.02,1914.0,1090.0,MnK7wTQx9wc,1914.0,1090.0,12,2017,MnK7wTQx9wc,112.777,20.02
72,2018-01,176.517,19.79,1191.0,1450.0,MnK7wTQx9wc,1191.0,1450.0,1,2018,MnK7wTQx9wc,176.517,19.79
73,2018-02,106.185,20.43,1679.0,1940.0,MnK7wTQx9wc,1679.0,1940.0,2,2018,MnK7wTQx9wc,106.185,20.43
74,2018-03,171.375,19.76,1164.0,1542.0,MnK7wTQx9wc,1164.0,1542.0,3,2018,MnK7wTQx9wc,171.375,19.76
75,2018-04,312.645,19.1,1079.0,1539.0,MnK7wTQx9wc,1079.0,1539.0,4,2018,MnK7wTQx9wc,312.645,19.1
76,2018-05,95.072,19.28,1557.0,1568.0,MnK7wTQx9wc,1557.0,1568.0,5,2018,MnK7wTQx9wc,95.072,19.28
77,2018-06,15.08,19.97,1346.0,1758.0,MnK7wTQx9wc,1346.0,1758.0,6,2018,MnK7wTQx9wc,15.08,19.97
78,2018-07,2.879,19.92,1943.0,1420.0,MnK7wTQx9wc,1943.0,1420.0,7,2018,MnK7wTQx9wc,2.879,19.92
79,2018-08,122.615,19.95,1614.0,1289.0,MnK7wTQx9wc,1614.0,1289.0,8,2018,MnK7wTQx9wc,122.615,19.95
0,2012-01,42.531,18.43,1133.0,1747.0,DTxwpZ1iTSq,1133.0,1747.0,1,2012,DTxwpZ1iTSq,42.531,18.43
1,2012-02,158.664,18.33,1236.0,1429.0,DTxwpZ1iTSq,1236.0,1429.0,2,2012,DTxwpZ1iTSq,158.664,18.33
2,2012-03,145.397,18.1,1159.0,1004.0,DTxwpZ1iTSq,1159.0,1004.0,3,2012,DTxwpZ1iTSq,145.397,18.1
3,2012-04,269.623,17.13,1685.0,1167.0,DTxwpZ1iTSq,1685.0,1167.0,4,2012,DTxwpZ1iTSq,269.623,17.13
4,2012-05,221.637,16.71,1072.0,1338.0,DTxwpZ1iTSq,1072.0,1338.0,5,2012,DTxwpZ1iTSq,221.637,16.71
5,2012-06,62.68,16.93,1657.0,1707.0,DTxwpZ1iTSq,1657.0,1707.0,6,2012,DTxwpZ1iTSq,62.68,16.93
6,2012-07,16.878,17.97,1867.0,1086.0,DTxwpZ1iTSq,1867.0,1086.0,7,2012,DTxwpZ1iTSq,16.878,17.97
7,2012-08,92.586,17.98,1345.0,1608.0,DTxwpZ1iTSq,1345.0,1608.0,8,2012,DTxwpZ1iTSq,92.586,17.98
8,2012-09,150.165,17.38,1134.0,1284.0,DTxwpZ1iTSq,1134.0,1284.0,9,2012,DTxwpZ1iTSq,150.165,17.38
9,2012-10,247.626,17.35,1685.0,1462.0,DTxwpZ1iTSq,1685.0,1462.0,10,2012,DTxwpZ1iTSq,247.626,17.35
10,2012-11,207.801,17.04,1994.0,1863.0,DTxwpZ1iTSq,1994.0,1863.0,11,2012,DTxwpZ1iTSq,207.801,17.04
11,2012-12,194.918,17.05,1287.0,1347.0,DTxwpZ1iTSq,1287.0,1347.0,12,2012,DTxwpZ1iTSq,194.918,17.05
12,2013-01,140.847,18.32,1426.0,1977.0,DTxwpZ1iTSq,1426.0,1977.0,1,2013,DTxwpZ1iTSq,140.847,18.32
13,2013-02,100.503,18.63,1167.0,1646.0,DTxwpZ1iTSq,1167.0,1646.0,2,2013,DTxwpZ1iTSq,100.503,18.63
14,2013-03,276.297,17.72,1853.0,1545.0,DTxwpZ1iTSq,1853.0,1545.0,3,2013,DTxwpZ1iTSq,276.297,17.72
15,2013-04,267.253,17.48,1018.0,1529.0,DTxwpZ1iTSq,1018.0,1529.0,4,2013,DTxwpZ1iTSq,267.253,17.48
16,2013-05,121.753,17.19,1342.0,1338.0,DTxwpZ1iTSq,1342.0,1338.0,5,2013,DTxwpZ1iTSq,121.753,17.19
17,2013-06,4.407,18.05,1276.0,1845.0,DTxwpZ1iTSq,1276.0,1845.0,6,2013,DTxwpZ1iTSq,4.407,18.05
18,2013-07,2.729,18.95,1909.0,1050.0,DTxwpZ1iTSq,1909.0,1050.0,7,2013,DTxwpZ1iTSq,2.729,18.95
19,2013-08,60.537,18.26,1291.0,1245.0,DTxwpZ1iTSq,1291.0,1245.0,8,2013,DTxwpZ1iTSq,60.537,18.26
20,2013-09,160.021,17.75,1629.0,1853.0,DTxwpZ1iTSq,1629.0,1853.0,9,2013,DTxwpZ1iTSq,160.021,17.75
21,2013-10,116.599,17.66,1142.0,1267.0,DTxwpZ1iTSq,1142.0,1267.0,10,2013,DTxwpZ1iTSq,116.599,17.66
22,2013-11,245.041,16.84,1730.0,1802.0,DTxwpZ1iTSq,1730.0,1802.0,11,2013,DTxwpZ1iTSq,245.041,16.84
23,2013-12,223.505,17.28,1838.0,1293.0,DTxwpZ1iTSq,1838.0,1293.0,12,2013,DTxwpZ1iTSq,223.505,17.28
24,2014-01,109.834,17.89,1388.0,1966.0,DTxwpZ1iTSq,1388.0,1966.0,1,2014,DTxwpZ1iTSq,109.834,17.89
25,2014-02,115.589,18.57,1646.0,1519.0,DTxwpZ1iTSq,1646.0,1519.0,2,2014,DTxwpZ1iTSq,115.589,18.57
26,2014-03,182.837,17.76,1525.0,1617.0,DTxwpZ1iTSq,1525.0,1617.0,3,2014,DTxwpZ1iTSq,182.837,17.76
27,2014-04,119.12,17.3,1878.0,1391.0,DTxwpZ1iTSq,1878.0,1391.0,4,2014,DTxwpZ1iTSq,119.12,17.3
28,2014-05,64.962,17.56,1398.0,1276.0,DTxwpZ1iTSq,1398.0,1276.0,5,2014,DTxwpZ1iTSq,64.962,17.56
29,2014-06,30.501,17.57,1312.0,1021.0,DTxwpZ1iTSq,1312.0,1021.0,6,2014,DTxwpZ1iTSq,30.501,17.57
30,2014-07,25.39,18.38,1389.0,1786.0,DTxwpZ1iTSq,1389.0,1786.0,7,2014,DTxwpZ1iTSq,25.39,18.38
31,2014-08,131.03,17.58,1667.0,1898.0,DTxwpZ1iTSq,1667.0,1898.0,8,2014,DTxwpZ1iTSq,131.03,17.58
32,2014-09,127.118,17.26,1289.0,1651.0,DTxwpZ1iTSq,1289.0,1651.0,9,2014,DTxwpZ1iTSq,127.118,17.26
33,2014-10,280.99,17.57,1335.0,1718.0,DTxwpZ1iTSq,1335.0,1718.0,10,2014,DTxwpZ1iTSq,280.99,17.57
34,2014-11,183.379,17.34,1683.0,1730.0,DTxwpZ1iTSq,1683.0,1730.0,11,2014,DTxwpZ1iTSq,183.379,17.34
35,2014-12,128.353,17.76,1799.0,1592.0,DTxwpZ1iTSq,1799.0,1592.0,12,2014,DTxwpZ1iTSq,128.353,17.76
36,2015-01,53.603,18.43,1744.0,1007.0,DTxwpZ1iTSq,1744.0,1007.0,1,2015,DTxwpZ1iTSq,53.603,18.43
37,2015-02,90.909,18.63,1275.0,1115.0,DTxwpZ1iTSq,1275.0,1115.0,2,2015,DTxwpZ1iTSq,90.909,18.63
38,2015-03,152.092,18.23,1311.0,1932.0,DTxwpZ1iTSq,1311.0,1932.0,3,2015,DTxwpZ1iTSq,152.092,18.23
39,2015-04,282.952,17.22,1904.0,1647.0,DTxwpZ1iTSq,1904.0,1647.0,4,2015,DTxwpZ1iTSq,282.952,17.22
40,2015-05,89.485,17.61,1075.0,1062.0,DTxwpZ1iTSq,1075.0,1062.0,5,2015,DTxwpZ1iTSq,89.485,17.61
41,2015-06,92.392,17.84,1118.0,1349.0,DTxwpZ1iTSq,1118.0,1349.0,6,2015,DTxwpZ1iTSq,92.392,17.84
42,2015-07,9.878,18.43,1365.0,1747.0,DTxwpZ1iTSq,1365.0,1747.0,7,2015,DTxwpZ1iTSq,9.878,18.43
43,2015-08,14.445,19.14,1772.0,1019.0,DTxwpZ1iTSq,1772.0,1019.0,8,2015,DTxwpZ1iTSq,14.445,19.14
44,2015-09,74.997,18.6,1347.0,1026.0,DTxwpZ1iTSq,1347.0,1026.0,9,2015,DTxwpZ1iTSq,74.997,18.6
45,2015-10,252.929,17.93,1873.0,1440.0,DTxwpZ1iTSq,1873.0,1440.0,10,2015,DTxwpZ1iTSq,252.929,17.93
46,2015-11,323.798,17.17,1619.0,1366.0,DTxwpZ1iTSq,1619.0,1366.0,11,2015,DTxwpZ1iTSq,323.798,17.17
47,2015-12,332.757,17.59,1687.0,1918.0,DTxwpZ1iTSq,1687.0,1918.0,12,2015,DTxwpZ1iTSq,332.757,17.59
48,2016-01,211.434,18.45,1635.0,1233.0,DTxwpZ1iTSq,1635.0,1233.0,1,2016,DTxwpZ1iTSq,211.434,18.45
49,2016-02,77.392,19.48,1696.0,1529.0,DTxwpZ1iTSq,1696.0,1529.0,2,2016,DTxwpZ1iTSq,77.392,19.48
50,2016-03,155.495,19.28,1140.0,1037.0,DTxwpZ1iTSq,1140.0,1037.0,3,2016,DTxwpZ1iTSq,155.495,19.28
51,2016-04,351.677,17.89,1772.0,1521.0,DTxwpZ1iTSq,1772.0,1521.0,4,2016,DTxwpZ1iTSq,351.677,17.89
52,2016-05,61.698,18.29,1263.0,1154.0,DTxwpZ1iTSq,1263.0,1154.0,5,2016,DTxwpZ1iTSq,61.698,18.29
53,2016-06,14.377,18.1,1099.0,1895.0,DTxwpZ1iTSq,1099.0,1895.0,6,2016,DTxwpZ1iTSq,14.377,18.1
54,2016-07,9.845,18.93,1032.0,1003.0,DTxwpZ1iTSq,1032.0,1003.0,7,2016,DTxwpZ1iTSq,9.845,18.93
55,2016-08,10.409,19.36,1746.0,1762.0,DTxwpZ1iTSq,1746.0,1762.0,8,2016,DTxwpZ1iTSq,10.409,19.36
56,2016-09,118.441,18.98,1837.0,1223.0,DTxwpZ1iTSq,1837.0,1223.0,9,2016,DTxwpZ1iTSq,118.441,18.98
57,2016-10,174.583,18.33,1502.0,1997.0,DTxwpZ1iTSq,1502.0,1997.0,10,2016,DTxwpZ1iTSq,174.583,18.33
58,2016-11,200.88,17.37,1122.0,1978.0,DTxwpZ1iTSq,1122.0,1978.0,11,2016,DTxwpZ1iTSq,200.88,17.37
59,2016-12,98.417,17.71,1545.0,1286.0,DTxwpZ1iTSq,1545.0,1286.0,12,2016,DTxwpZ1iTSq,98.417,17.71
60,2017-01,97.085,18.72,1335.0,1605.0,DTxwpZ1iTSq,1335.0,1605.0,1,2017,DTxwpZ1iTSq,97.085,18.72
61,2017-02,183.762,17.8,1962.0,1477.0,DTxwpZ1iTSq,1962.0,1477.0,2,2017,DTxwpZ1iTSq,183.762,17.8
62,2017-03,199.855,17.87,1648.0,1551.0,DTxwpZ1iTSq,1648.0,1551.0,3,2017,DTxwpZ1iTSq,199.855,17.87
63,2017-04,135.447,17.55,1193.0,1123.0,DTxwpZ1iTSq,1193.0,1123.0,4,2017,DTxwpZ1iTSq,135.447,17.55
64,2017-05,101.013,17.34,1102.0,1271.0,DTxwpZ1iTSq,1102.0,1271.0,5,2017,DTxwpZ1iTSq,101.013,17.34
65,2017-06,7.39,18.34,1443.0,1288.0,DTxwpZ1iTSq,1443.0,1288.0,6,2017,DTxwpZ1iTSq,7.39,18.34
66,2017-07,14.845,18.86,1875.0,1256.0,DTxwpZ1iTSq,1875.0,1256.0,7,2017,DTxwpZ1iTSq,14.845,18.86
67,2017-08,89.758,18.41,1699.0,1615.0,DTxwpZ1iTSq,1699.0,1615.0,8,2017,DTxwpZ1iTSq,89.758,18.41
68,2017-09,166.001,17.9,1100.0,1353.0,DTxwpZ1iTSq,1100.0,1353.0,9,2017,DTxwpZ1iTSq,166.001,17.9
69,2017-10,197.593,17.96,1244.0,1946.0,DTxwpZ1iTSq,1244.0,1946.0,10,2017,DTxwpZ1iTSq,197.593,17.96
70,2017-11,222.029,17.23,1424.0,1886.0,DTxwpZ1iTSq,1424.0,1886.0,11,2017,DTxwpZ1iTSq,222.029,17.23
71,2017-12,133.791,17.92,1489.0,1781.0,DTxwpZ1iTSq,1489.0,1781.0,12,2017,DTxwpZ1iTSq,133.791,17.92
72,2018-01,195.095,17.57,1991.0,1072.0,DTxwpZ1iTSq,1991.0,1072.0,1,2018,DTxwpZ1iTSq,195.095,17.57
73,2018-02,173.396,18.28,1665.0,1455.0,DTxwpZ1iTSq,1665.0,1455.0,2,2018,DTxwpZ1iTSq,173.396,18.28
74,2018-03,289.482,17.6,1663.0,1976.0,DTxwpZ1iTSq,1663.0,1976.0,3,2018,DTxwpZ1iTSq,289.482,17.6
75,2018-04,424.443,17.09,1031.0,1758.0,DTxwpZ1iTSq,1031.0,1758.0,4,2018,DTxwpZ1iTSq,424.443,17.09
76,2018-05,103.124,17.19,1704.0,1502.0,DTxwpZ1iTSq,1704.0,1502.0,5,2018,DTxwpZ1iTSq,103.124,17.19
77,2018-06,25.044,17.67,1709.0,1570.0,DTxwpZ1iTSq,1709.0,1570.0,6,2018,DTxwpZ1iTSq,25.044,17.67
78,2018-07,21.294,17.48,1504.0,1190.0,DTxwpZ1iTSq,1504.0,1190.0,7,2018,DTxwpZ1iTSq,21.294,17.48
79,2018-08,126.067,17.58,1459.0,1873.0,DTxwpZ1iTSq,1459.0,1873.0,8,2018,DTxwpZ1iTSq,126.067,17.58
0,2012-01,169.429,17.96,1063.0,1560.0,cg6QcrrDhW7,1063.0,1560.0,1,2012,cg6QcrrDhW7,169.429,17.96
1,2012-02,221.463,17.73,1394.0,1351.0,cg6QcrrDhW7,1394.0,1351.0,2,2012,cg6QcrrDhW7,221.463,17.73
2,2012-03,237.715,17.89,1414.0,1446.0,cg6QcrrDhW7,1414.0,1446.0,3,2012,cg6QcrrDhW7,237.715,17.89
3,2012-04,363.475,17.24,1772.0,1604.0,cg6QcrrDhW7,1772.0,1604.0,4,2012,cg6QcrrDhW7,363.475,17.24
4,2012-05,255.225,16.81,1766.0,1444.0,cg6QcrrDhW7,1766.0,1444.0,5,2012,cg6QcrrDhW7,255.225,16.81
5,2012-06,76.147,17.1,1751.0,1616.0,cg6QcrrDhW7,1751.0,1616.0,6,2012,cg6QcrrDhW7,76.147,17.1
6,2012-07,31.297,17.67,1789.0,1851.0,cg6QcrrDhW7,1789.0,1851.0,7,2012,cg6QcrrDhW7,31.297,17.67
7,2012-08,145.326,17.54,1138.0,1844.0,cg6QcrrDhW7,1138.0,1844.0,8,2012,cg6QcrrDhW7,145.326,17.54
8,2012-09,245.249,17.29,1775.0,1827.0,cg6QcrrDhW7,1775.0,1827.0,9,2012,cg6QcrrDhW7,245.249,17.29
9,2012-10,307.248,17.34,1268.0,1835.0,cg6QcrrDhW7,1268.0,1835.0,10,2012,cg6QcrrDhW7,307.248,17.34
10,2012-11,382.365,17.19,1312.0,1325.0,cg6QcrrDhW7,1312.0,1325.0,11,2012,cg6QcrrDhW7,382.365,17.19
11,2012-12,308.725,17.04,1577.0,1558.0,cg6QcrrDhW7,1577.0,1558.0,12,2012,cg6QcrrDhW7,308.725,17.04
12,2013-01,226.279,18.08,1482.0,1032.0,cg6QcrrDhW7,1482.0,1032.0,1,2013,cg6QcrrDhW7,226.279,18.08
13,2013-02,162.855,18.32,1449.0,1943.0,cg6QcrrDhW7,1449.0,1943.0,2,2013,cg6QcrrDhW7,162.855,18.32
14,2013-03,448.369,17.81,1210.0,1418.0,cg6QcrrDhW7,1210.0,1418.0,3,2013,cg6QcrrDhW7,448.369,17.81
15,2013-04,388.852,17.41,1355.0,1847.0,cg6QcrrDhW7,1355.0,1847.0,4,2013,cg6QcrrDhW7,388.852,17.41
16,2013-05,176.93,17.44,1644.0,1721.0,cg6QcrrDhW7,1644.0,1721.0,5,2013,cg6QcrrDhW7,176.93,17.44
17,2013-06,8.543,17.95,1182.0,1323.0,cg6QcrrDhW7,1182.0,1323.0,6,2013,cg6QcrrDhW7,8.543,17.95
18,2013-07,4.905,18.24,1800.0,1079.0,cg6QcrrDhW7,1800.0,1079.0,7,2013,cg6QcrrDhW7,4.905,18.24
19,2013-08,52.797,18.06,1576.0,1406.0,cg6QcrrDhW7,1576.0,1406.0,8,2013,cg6QcrrDhW7,52.797,18.06
20,2013-09,213.627,17.58,1055.0,1346.0,cg6QcrrDhW7,1055.0,1346.0,9,2013,cg6QcrrDhW7,213.627,17.58
21,2013-10,212.314,17.53,1002.0,1605.0,cg6QcrrDhW7,1002.0,1605.0,10,2013,cg6QcrrDhW7,212.314,17.53
22,2013-11,297.427,16.97,1062.0,1206.0,cg6QcrrDhW7,1062.0,1206.0,11,2013,cg6QcrrDhW7,297.427,16.97
23,2013-12,407.209,17.13,1057.0,1943.0,cg6QcrrDhW7,1057.0,1943.0,12,2013,cg6QcrrDhW7,407.209,17.13
24,2014-01,183.373,17.76,1757.0,1635.0,cg6QcrrDhW7,1757.0,1635.0,1,2014,cg6QcrrDhW7,183.373,17.76
25,2014-02,200.67,17.98,1285.0,1499.0,cg6QcrrDhW7,1285.0,1499.0,2,2014,cg6QcrrDhW7,200.67,17.98
26,2014-03,247.241,17.79,1450.0,1675.0,cg6QcrrDhW7,1450.0,1675.0,3,2014,cg6QcrrDhW7,247.241,17.79
27,2014-04,227.051,17.46,1338.0,1731.0,cg6QcrrDhW7,1338.0,1731.0,4,2014,cg6QcrrDhW7,227.051,17.46
28,2014-05,72.089,17.89,1752.0,1067.0,cg6QcrrDhW7,1752.0,1067.0,5,2014,cg6QcrrDhW7,72.089,17.89
29,2014-06,61.514,17.75,1704.0,1131.0,cg6QcrrDhW7,1704.0,1131.0,6,2014,cg6QcrrDhW7,61.514,17.75
30,2014-07,30.798,17.95,1813.0,1417.0,cg6QcrrDhW7,1813.0,1417.0,7,2014,cg6QcrrDhW7,30.798,17.95
31,2014-08,135.853,17.45,1671.0,1703.0,cg6QcrrDhW7,1671.0,1703.0,8,2014,cg6QcrrDhW7,135.853,17.45
32,2014-09,188.173,17.42,1718.0,1838.0,cg6QcrrDhW7,1718.0,1838.0,9,2014,cg6QcrrDhW7,188.173,17.42
33,2014-10,299.223,17.59,1038.0,1386.0,cg6QcrrDhW7,1038.0,1386.0,10,2014,cg6QcrrDhW7,299.223,17.59
34,2014-11,286.577,17.42,1894.0,1393.0,cg6QcrrDhW7,1894.0,1393.0,11,2014,cg6QcrrDhW7,286.577,17.42
35,2014-12,226.755,17.64,1049.0,1376.0,cg6QcrrDhW7,1049.0,1376.0,12,2014,cg6QcrrDhW7,226.755,17.64
36,2015-01,151.03,17.85,1110.0,1804.0,cg6QcrrDhW7,1110.0,1804.0,1,2015,cg6QcrrDhW7,151.03,17.85
37,2015-02,163.391,18.21,1186.0,1287.0,cg6QcrrDhW7,1186.0,1287.0,2,2015,cg6QcrrDhW7,163.391,18.21
38,2015-03,269.304,18.11,1808.0,1848.0,cg6QcrrDhW7,1808.0,1848.0,3,2015,cg6QcrrDhW7,269.304,18.11
39,2015-04,410.375,17.27,1168.0,1726.0,cg6QcrrDhW7,1168.0,1726.0,4,2015,cg6QcrrDhW7,410.375,17.27
40,2015-05,116.568,17.65,1200.0,1603.0,cg6QcrrDhW7,1200.0,1603.0,5,2015,cg6QcrrDhW7,116.568,17.65
41,2015-06,122.465,17.72,1710.0,1109.0,cg6QcrrDhW7,1710.0,1109.0,6,2015,cg6QcrrDhW7,122.465,17.72
42,2015-07,14.18,18.27,1435.0,1364.0,cg6QcrrDhW7,1435.0,1364.0,7,2015,cg6QcrrDhW7,14.18,18.27
43,2015-08,12.924,18.84,1779.0,1997.0,cg6QcrrDhW7,1779.0,1997.0,8,2015,cg6QcrrDhW7,12.924,18.84
44,2015-09,114.988,18.7,1335.0,1254.0,cg6QcrrDhW7,1335.0,1254.0,9,2015,cg6QcrrDhW7,114.988,18.7
45,2015-10,403.801,17.86,1297.0,1474.0,cg6QcrrDhW7,1297.0,1474.0,10,2015,cg6QcrrDhW7,403.801,17.86
46,2015-11,387.656,17.23,1520.0,1229.0,cg6QcrrDhW7,1520.0,1229.0,11,2015,cg6QcrrDhW7,387.656,17.23
47,2015-12,481.217,17.47,1322.0,1504.0,cg6QcrrDhW7,1322.0,1504.0,12,2015,cg6QcrrDhW7,481.217,17.47
48,2016-01,245.621,18.17,1531.0,1886.0,cg6QcrrDhW7,1531.0,1886.0,1,2016,cg6QcrrDhW7,245.621,18.17
49,2016-02,176.308,18.92,1993.0,1002.0,cg6QcrrDhW7,1993.0,1002.0,2,2016,cg6QcrrDhW7,176.308,18.92
50,2016-03,254.859,19.17,1632.0,1328.0,cg6QcrrDhW7,1632.0,1328.0,3,2016,cg6QcrrDhW7,254.859,19.17
51,2016-04,398.822,17.97,1269.0,1734.0,cg6QcrrDhW7,1269.0,1734.0,4,2016,cg6QcrrDhW7,398.822,17.97
52,2016-05,130.8,18.3,1106.0,1236.0,cg6QcrrDhW7,1106.0,1236.0,5,2016,cg6QcrrDhW7,130.8,18.3
53,2016-06,28.759,17.87,1162.0,1021.0,cg6QcrrDhW7,1162.0,1021.0,6,2016,cg6QcrrDhW7,28.759,17.87
54,2016-07,13.476,18.3,1990.0,1820.0,cg6QcrrDhW7,1990.0,1820.0,7,2016,cg6QcrrDhW7,13.476,18.3
55,2016-08,16.972,18.86,1686.0,1729.0,cg6QcrrDhW7,1686.0,1729.0,8,2016,cg6QcrrDhW7,16.972,18.86
56,2016-09,147.103,18.72,1427.0,1598.0,cg6QcrrDhW7,1427.0,1598.0,9,2016,cg6QcrrDhW7,147.103,18.72
57,2016-10,207.406,18.44,1335.0,1326.0,cg6QcrrDhW7,1335.0,1326.0,10,2016,cg6QcrrDhW7,207.406,18.44
58,2016-11,235.985,17.56,1385.0,1651.0,cg6QcrrDhW7,1385.0,1651.0,11,2016,cg6QcrrDhW7,235.985,17.56
59,2016-12,160.121,17.75,1402.0,1017.0,cg6QcrrDhW7,1402.0,1017.0,12,2016,cg6QcrrDhW7,160.121,17.75
60,2017-01,164.569,18.28,1308.0,1035.0,cg6QcrrDhW7,1308.0,1035.0,1,2017,cg6QcrrDhW7,164.569,18.28
61,2017-02,287.987,17.62,1781.0,1918.0,cg6QcrrDhW7,1781.0,1918.0,2,2017,cg6QcrrDhW7,287.987,17.62
62,2017-03,223.102,17.96,1036.0,1402.0,cg6QcrrDhW7,1036.0,1402.0,3,2017,cg6QcrrDhW7,223.102,17.96
63,2017-04,148.413,17.75,1844.0,1504.0,cg6QcrrDhW7,1844.0,1504.0,4,2017,cg6QcrrDhW7,148.413,17.75
64,2017-05,93.491,17.66,1280.0,1077.0,cg6QcrrDhW7,1280.0,1077.0,5,2017,cg6QcrrDhW7,93.491,17.66
65,2017-06,18.383,18.27,1456.0,1453.0,cg6QcrrDhW7,1456.0,1453.0,6,2017,cg6QcrrDhW7,18.383,18.27
66,2017-07,22.943,18.22,1110.0,1466.0,cg6QcrrDhW7,1110.0,1466.0,7,2017,cg6QcrrDhW7,22.943,18.22
67,2017-08,107.321,18.0,1001.0,1639.0,cg6QcrrDhW7,1001.0,1639.0,8,2017,cg6QcrrDhW7,107.321,18.0
68,2017-09,179.421,17.9,1363.0,1729.0,cg6QcrrDhW7,1363.0,1729.0,9,2017,cg6QcrrDhW7,179.421,17.9
69,2017-10,244.567,17.9,1945.0,1080.0,cg6QcrrDhW7,1945.0,1080.0,10,2017,cg6QcrrDhW7,244.567,17.9
70,2017-11,280.703,17.26,1937.0,1050.0,cg6QcrrDhW7,1937.0,1050.0,11,2017,cg6QcrrDhW7,280.703,17.26
71,2017-12,295.647,17.74,1605.0,1693.0,cg6QcrrDhW7,1605.0,1693.0,12,2017,cg6QcrrDhW7,295.647,17.74
72,2018-01,328.372,17.03,1930.0,1740.0,cg6QcrrDhW7,1930.0,1740.0,1,2018,cg6QcrrDhW7,328.372,17.03
73,2018-02,253.007,18.09,1684.0,1100.0,cg6QcrrDhW7,1684.0,1100.0,2,2018,cg6QcrrDhW7,253.007,18.09
74,2018-03,347.175,17.64,1024.0,1868.0,cg6QcrrDhW7,1024.0,1868.0,3,2018,cg6QcrrDhW7,347.175,17.64
75,2018-04,526.393,17.17,1137.0,1915.0,cg6QcrrDhW7,1137.0,1915.0,4,2018,cg6QcrrDhW7,526.393,17.17
76,2018-05,166.386,17.34,1140.0,1249.0,cg6QcrrDhW7,1140.0,1249.0,5,2018,cg6QcrrDhW7,166.386,17.34
77,2018-06,35.807,17.67,1388.0,1694.0,cg6QcrrDhW7,1388.0,1694.0,6,2018,cg6QcrrDhW7,35.807,17.67
78,2018-07,23.673,17.3,1077.0,1041.0,cg6QcrrDhW7,1077.0,1041.0,7,2018,cg6QcrrDhW7,23.673,17.3
79,2018-08,125.758,17.52,1187.0,1867.0,cg6QcrrDhW7,1187.0,1867.0,8,2018,cg6QcrrDhW7,125.758,17.52
0,2012-01,18.71,21.57,1064.0,1324.0,LGNjeakKI1q,1064.0,1324.0,1,2012,LGNjeakKI1q,18.71,21.57
1,2012-02,72.183,21.58,1373.0,1804.0,LGNjeakKI1q,1373.0,1804.0,2,2012,LGNjeakKI1q,72.183,21.58
2,2012-03,78.705,21.5,1918.0,1180.0,LGNjeakKI1q,1918.0,1180.0,3,2012,LGNjeakKI1q,78.705,21.5
3,2012-04,188.057,20.02,1088.0,1912.0,LGNjeakKI1q,1088.0,1912.0,4,2012,LGNjeakKI1q,188.057,20.02
4,2012-05,138.112,19.72,1571.0,1583.0,LGNjeakKI1q,1571.0,1583.0,5,2012,LGNjeakKI1q,138.112,19.72
5,2012-06,41.644,20.33,1145.0,1767.0,LGNjeakKI1q,1145.0,1767.0,6,2012,LGNjeakKI1q,41.644,20.33
6,2012-07,1.215,21.4,1988.0,1658.0,LGNjeakKI1q,1988.0,1658.0,7,2012,LGNjeakKI1q,1.215,21.4
7,2012-08,55.128,21.54,1746.0,1084.0,LGNjeakKI1q,1746.0,1084.0,8,2012,LGNjeakKI1q,55.128,21.54
8,2012-09,76.593,20.54,1572.0,1085.0,LGNjeakKI1q,1572.0,1085.0,9,2012,LGNjeakKI1q,76.593,20.54
9,2012-10,157.218,20.6,1180.0,1236.0,LGNjeakKI1q,1180.0,1236.0,10,2012,LGNjeakKI1q,157.218,20.6
10,2012-11,113.199,20.11,1089.0,1444.0,LGNjeakKI1q,1089.0,1444.0,11,2012,LGNjeakKI1q,113.199,20.11
11,2012-12,96.74,20.11,1062.0,1006.0,LGNjeakKI1q,1062.0,1006.0,12,2012,LGNjeakKI1q,96.74,20.11
12,2013-01,50.027,21.59,1108.0,1891.0,LGNjeakKI1q,1108.0,1891.0,1,2013,LGNjeakKI1q,50.027,21.59
13,2013-02,43.521,22.07,1994.0,1965.0,LGNjeakKI1q,1994.0,1965.0,2,2013,LGNjeakKI1q,43.521,22.07
14,2013-03,141.035,21.12,1383.0,1831.0,LGNjeakKI1q,1383.0,1831.0,3,2013,LGNjeakKI1q,141.035,21.12
15,2013-04,162.485,20.36,1283.0,1801.0,LGNjeakKI1q,1283.0,1801.0,4,2013,LGNjeakKI1q,162.485,20.36
16,2013-05,85.626,20.45,1308.0,1232.0,LGNjeakKI1q,1308.0,1232.0,5,2013,LGNjeakKI1q,85.626,20.45
17,2013-06,1.277,21.57,1697.0,1649.0,LGNjeakKI1q,1697.0,1649.0,6,2013,LGNjeakKI1q,1.277,21.57
18,2013-07,1.027,22.35,1386.0,1359.0,LGNjeakKI1q,1386.0,1359.0,7,2013,LGNjeakKI1q,1.027,22.35
19,2013-08,29.229,21.81,1751.0,1683.0,LGNjeakKI1q,1751.0,1683.0,8,2013,LGNjeakKI1q,29.229,21.81
20,2013-09,85.489,21.16,1376.0,1667.0,LGNjeakKI1q,1376.0,1667.0,9,2013,LGNjeakKI1q,85.489,21.16
21,2013-10,79.624,20.92,1311.0,1107.0,LGNjeakKI1q,1311.0,1107.0,10,2013,LGNjeakKI1q,79.624,20.92
22,2013-11,153.767,20.05,1683.0,1848.0,LGNjeakKI1q,1683.0,1848.0,11,2013,LGNjeakKI1q,153.767,20.05
23,2013-12,112.448,20.28,1425.0,1006.0,LGNjeakKI1q,1425.0,1006.0,12,2013,LGNjeakKI1q,112.448,20.28
24,2014-01,52.658,21.19,1772.0,1946.0,LGNjeakKI1q,1772.0,1946.0,1,2014,LGNjeakKI1q,52.658,21.19
25,2014-02,59.353,22.07,1934.0,1208.0,LGNjeakKI1q,1934.0,1208.0,2,2014,LGNjeakKI1q,59.353,22.07
26,2014-03,99.988,21.21,1053.0,1011.0,LGNjeakKI1q,1053.0,1011.0,3,2014,LGNjeakKI1q,99.988,21.21
27,2014-04,95.736,20.45,1257.0,1376.0,LGNjeakKI1q,1257.0,1376.0,4,2014,LGNjeakKI1q,95.736,20.45
28,2014-05,39.371,21.22,1610.0,1130.0,LGNjeakKI1q,1610.0,1130.0,5,2014,LGNjeakKI1q,39.371,21.22
29,2014-06,14.198,21.55,1681.0,1451.0,LGNjeakKI1q,1681.0,1451.0,6,2014,LGNjeakKI1q,14.198,21.55
30,2014-07,15.174,22.11,1853.0,1083.0,LGNjeakKI1q,1853.0,1083.0,7,2014,LGNjeakKI1q,15.174,22.11
31,2014-08,68.639,21.06,1476.0,1118.0,LGNjeakKI1q,1476.0,1118.0,8,2014,LGNjeakKI1q,68.639,21.06
32,2014-09,82.175,20.46,1529.0,1357.0,LGNjeakKI1q,1529.0,1357.0,9,2014,LGNjeakKI1q,82.175,20.46
33,2014-10,138.744,20.71,1306.0,1095.0,LGNjeakKI1q,1306.0,1095.0,10,2014,LGNjeakKI1q,138.744,20.71
34,2014-11,92.286,20.63,1464.0,1232.0,LGNjeakKI1q,1464.0,1232.0,11,2014,LGNjeakKI1q,92.286,20.63
35,2014-12,84.344,20.91,1353.0,1511.0,LGNjeakKI1q,1353.0,1511.0,12,2014,LGNjeakKI1q,84.344,20.91
36,2015-01,30.451,22.02,1381.0,1036.0,LGNjeakKI1q,1381.0,1036.0,1,2015,LGNjeakKI1q,30.451,22.02
37,2015-02,56.517,22.19,1792.0,1201.0,LGNjeakKI1q,1792.0,1201.0,2,2015,LGNjeakKI1q,56.517,22.19
38,2015-03,105.161,21.74,1753.0,1962.0,LGNjeakKI1q,1753.0,1962.0,3,2015,LGNjeakKI1q,105.161,21.74
39,2015-04,150.126,20.21,1728.0,1828.0,LGNjeakKI1q,1728.0,1828.0,4,2015,LGNjeakKI1q,150.126,20.21
40,2015-05,56.928,20.89,1338.0,1325.0,LGNjeakKI1q,1338.0,1325.0,5,2015,LGNjeakKI1q,56.928,20.89
41,2015-06,21.324,21.61,1093.0,1036.0,LGNjeakKI1q,1093.0,1036.0,6,2015,LGNjeakKI1q,21.324,21.61
42,2015-07,3.599,22.38,1313.0,1270.0,LGNjeakKI1q,1313.0,1270.0,7,2015,LGNjeakKI1q,3.599,22.38
43,2015-08,10.093,22.85,1970.0,1527.0,LGNjeakKI1q,1970.0,1527.0,8,2015,LGNjeakKI1q,10.093,22.85
44,2015-09,54.844,22.01,1715.0,1021.0,LGNjeakKI1q,1715.0,1021.0,9,2015,LGNjeakKI1q,54.844,22.01
45,2015-10,165.188,21.09,1208.0,1821.0,LGNjeakKI1q,1208.0,1821.0,10,2015,LGNjeakKI1q,165.188,21.09
46,2015-11,166.478,20.13,1934.0,1226.0,LGNjeakKI1q,1934.0,1226.0,11,2015,LGNjeakKI1q,166.478,20.13
47,2015-12,90.178,20.63,1076.0,1757.0,LGNjeakKI1q,1076.0,1757.0,12,2015,LGNjeakKI1q,90.178,20.63
48,2016-01,76.046,21.52,1611.0,1062.0,LGNjeakKI1q,1611.0,1062.0,1,2016,LGNjeakKI1q,76.046,21.52
49,2016-02,47.123,22.86,1208.0,1076.0,LGNjeakKI1q,1208.0,1076.0,2,2016,LGNjeakKI1q,47.123,22.86
50,2016-03,58.715,22.74,1514.0,1728.0,LGNjeakKI1q,1514.0,1728.0,3,2016,LGNjeakKI1q,58.715,22.74
51,2016-04,167.837,20.94,1035.0,1899.0,LGNjeakKI1q,1035.0,1899.0,4,2016,LGNjeakKI1q,167.837,20.94
52,2016-05,38.954,21.63,1371.0,1183.0,LGNjeakKI1q,1371.0,1183.0,5,2016,LGNjeakKI1q,38.954,21.63
53,2016-06,6.291,21.75,1306.0,1713.0,LGNjeakKI1q,1306.0,1713.0,6,2016,LGNjeakKI1q,6.291,21.75
54,2016-07,2.029,22.45,1408.0,1790.0,LGNjeakKI1q,1408.0,1790.0,7,2016,LGNjeakKI1q,2.029,22.45
55,2016-08,4.733,22.94,1316.0,1632.0,LGNjeakKI1q,1316.0,1632.0,8,2016,LGNjeakKI1q,4.733,22.94
56,2016-09,54.981,22.43,1761.0,1110.0,LGNjeakKI1q,1761.0,1110.0,9,2016,LGNjeakKI1q,54.981,22.43
57,2016-10,91.28,21.61,1884.0,1446.0,LGNjeakKI1q,1884.0,1446.0,10,2016,LGNjeakKI1q,91.28,21.61
58,2016-11,136.219,20.54,1686.0,1218.0,LGNjeakKI1q,1686.0,1218.0,11,2016,LGNjeakKI1q,136.219,20.54
59,2016-12,69.178,20.95,1855.0,1998.0,LGNjeakKI1q,1855.0,1998.0,12,2016,LGNjeakKI1q,69.178,20.95
60,2017-01,47.326,22.18,1352.0,1479.0,LGNjeakKI1q,1352.0,1479.0,1,2017,LGNjeakKI1q,47.326,22.18
61,2017-02,89.795,21.4,1666.0,1853.0,LGNjeakKI1q,1666.0,1853.0,2,2017,LGNjeakKI1q,89.795,21.4
62,2017-03,110.446,21.12,1257.0,1430.0,LGNjeakKI1q,1257.0,1430.0,3,2017,LGNjeakKI1q,110.446,21.12
63,2017-04,97.736,20.83,1215.0,1245.0,LGNjeakKI1q,1215.0,1245.0,4,2017,LGNjeakKI1q,97.736,20.83
64,2017-05,78.679,20.71,1382.0,1636.0,LGNjeakKI1q,1382.0,1636.0,5,2017,LGNjeakKI1q,78.679,20.71
65,2017-06,2.799,22.25,1055.0,1932.0,LGNjeakKI1q,1055.0,1932.0,6,2017,LGNjeakKI1q,2.799,22.25
66,2017-07,5.476,22.73,1635.0,1078.0,LGNjeakKI1q,1635.0,1078.0,7,2017,LGNjeakKI1q,5.476,22.73
67,2017-08,28.299,22.2,1457.0,1157.0,LGNjeakKI1q,1457.0,1157.0,8,2017,LGNjeakKI1q,28.299,22.2
68,2017-09,74.568,21.39,1250.0,1851.0,LGNjeakKI1q,1250.0,1851.0,9,2017,LGNjeakKI1q,74.568,21.39
69,2017-10,95.505,21.46,1582.0,1507.0,LGNjeakKI1q,1582.0,1507.0,10,2017,LGNjeakKI1q,95.505,21.46
70,2017-11,120.755,20.38,1008.0,1724.0,LGNjeakKI1q,1008.0,1724.0,11,2017,LGNjeakKI1q,120.755,20.38
71,2017-12,73.639,21.16,1825.0,1695.0,LGNjeakKI1q,1825.0,1695.0,12,2017,LGNjeakKI1q,73.639,21.16
72,2018-01,95.882,20.94,1038.0,1810.0,LGNjeakKI1q,1038.0,1810.0,1,2018,LGNjeakKI1q,95.882,20.94
73,2018-02,75.793,21.94,1873.0,1818.0,LGNjeakKI1q,1873.0,1818.0,2,2018,LGNjeakKI1q,75.793,21.94
74,2018-03,138.949,20.76,1405.0,1850.0,LGNjeakKI1q,1405.0,1850.0,3,2018,LGNjeakKI1q,138.949,20.76
75,2018-04,253.375,19.92,1043.0,1997.0,LGNjeakKI1q,1043.0,1997.0,4,2018,LGNjeakKI1q,253.375,19.92
76,2018-05,73.075,20.34,1834.0,1333.0,LGNjeakKI1q,1834.0,1333.0,5,2018,LGNjeakKI1q,73.075,20.34
77,2018-06,9.544,21.06,1650.0,1000.0,LGNjeakKI1q,1650.0,1000.0,6,2018,LGNjeakKI1q,9.544,21.06
78,2018-07,5.81,21.02,1981.0,1080.0,LGNjeakKI1q,1981.0,1080.0,7,2018,LGNjeakKI1q,5.81,21.02
79,2018-08,90.466,20.91,1236.0,1452.0,LGNjeakKI1q,1236.0,1452.0,8,2018,LGNjeakKI1q,90.466,20.91
